repo,n_events,n_mechanical,events_per_year,mechanical_per_year,n_releases,n_reactive_releases,external_dependents
ClimaOcean,69,56,13.1,10.7,31,18,1
ClimaAtmos,119,52,22.7,9.9,112,69,0
EnsembleKalmanProcesses,60,43,11.4,8.2,15,6,2
ClimaCore,53,39,10.1,7.4,104,39,0
ClimaCoupler,53,26,10.1,5.0,9,6,0
CalibrateEmulateSample,36,25,6.9,4.8,0,0,0
ClimaLand,57,22,10.9,4.2,75,35,0
ClimaSeaIce,27,17,5.1,3.2,15,6,1
SurfaceFluxes,26,16,5.0,3.0,26,4,0
ClimaTimeSteppers,24,14,4.6,2.7,47,16,0
CloudMicrophysics,21,9,4.0,1.7,57,12,0
ClimaAnalysis,10,6,1.9,1.1,13,2,0
ClimaComms,7,5,1.3,1.0,14,2,0
ClimaParams,7,4,1.3,0.8,44,2,0
ClimaCalibrate,14,4,2.7,0.8,8,4,0
RRTMGP,13,3,2.5,0.6,35,8,1
Thermodynamics,7,3,1.3,0.6,53,4,3
Insolation,11,3,2.1,0.6,14,3,0
ClimaUtilities,7,1,1.3,0.2,10,1,0
ClimaDiagnostics,9,1,1.7,0.2,13,1,0
