repo,quarter,n_releases,n_dep_updates,n_commits
ClimaAtmos,2021-Q2,0,1,9
ClimaAtmos,2021-Q3,0,22,34
ClimaAtmos,2021-Q4,0,4,5
ClimaAtmos,2022-Q1,2,18,26
ClimaAtmos,2022-Q2,0,6,12
ClimaAtmos,2022-Q3,3,4,13
ClimaAtmos,2022-Q4,4,5,16
ClimaAtmos,2023-Q1,0,4,12
ClimaAtmos,2023-Q2,6,10,26
ClimaAtmos,2023-Q3,8,3,16
ClimaAtmos,2023-Q4,4,12,37
ClimaAtmos,2024-Q1,11,9,34
ClimaAtmos,2024-Q2,7,9,34
ClimaAtmos,2024-Q3,6,5,22
ClimaAtmos,2024-Q4,5,0,11
ClimaAtmos,2025-Q1,4,3,27
ClimaAtmos,2025-Q2,5,6,20
ClimaAtmos,2025-Q3,6,4,19
ClimaAtmos,2025-Q4,5,1,13
ClimaAtmos,2026-Q1,13,7,39
ClimaAtmos,2026-Q2,9,3,24
ClimaAtmos,2026-Q3,12,10,35
ClimaCore,2021-Q2,0,0,21
ClimaCore,2021-Q3,1,5,12
ClimaCore,2021-Q4,4,8,19
ClimaCore,2022-Q1,0,4,13
ClimaCore,2022-Q2,3,6,16
ClimaCore,2022-Q3,7,5,16
ClimaCore,2022-Q4,8,1,14
ClimaCore,2023-Q1,5,0,10
ClimaCore,2023-Q2,8,5,21
ClimaCore,2023-Q3,7,3,15
ClimaCore,2023-Q4,8,6,28
ClimaCore,2024-Q1,4,1,13
ClimaCore,2024-Q2,10,6,24
ClimaCore,2024-Q3,6,3,13
ClimaCore,2024-Q4,4,1,10
ClimaCore,2025-Q1,5,3,13
ClimaCore,2025-Q2,3,5,9
ClimaCore,2025-Q3,5,0,6
ClimaCore,2025-Q4,1,0,6
ClimaCore,2026-Q1,4,0,8
ClimaCore,2026-Q2,4,0,6
ClimaCore,2026-Q3,6,4,15
ClimaLand,2021-Q4,0,1,1
ClimaLand,2022-Q1,0,0,4
ClimaLand,2022-Q2,0,0,4
ClimaLand,2022-Q3,0,3,4
ClimaLand,2022-Q4,1,5,7
ClimaLand,2023-Q1,1,3,8
ClimaLand,2023-Q2,3,3,13
ClimaLand,2023-Q3,1,1,9
ClimaLand,2023-Q4,3,2,11
ClimaLand,2024-Q1,7,8,26
ClimaLand,2024-Q2,6,0,12
ClimaLand,2024-Q3,4,2,14
ClimaLand,2024-Q4,5,6,17
ClimaLand,2025-Q1,6,4,12
ClimaLand,2025-Q2,5,3,11
ClimaLand,2025-Q3,9,2,19
ClimaLand,2025-Q4,5,3,11
ClimaLand,2026-Q1,7,10,26
ClimaLand,2026-Q2,5,2,16
ClimaLand,2026-Q3,6,6,20
ClimaParams,2021-Q3,3,0,3
ClimaParams,2021-Q4,1,0,1
ClimaParams,2022-Q1,3,0,3
ClimaParams,2022-Q2,3,1,8
ClimaParams,2022-Q3,1,1,6
ClimaParams,2023-Q1,0,0,3
ClimaParams,2023-Q2,2,0,2
ClimaParams,2023-Q3,7,1,18
ClimaParams,2023-Q4,1,1,6
ClimaParams,2024-Q1,2,0,15
ClimaParams,2024-Q2,0,0,4
ClimaParams,2024-Q3,2,2,6
ClimaParams,2024-Q4,0,0,4
ClimaParams,2025-Q1,0,0,6
ClimaParams,2025-Q2,1,0,11
ClimaParams,2025-Q3,4,1,9
ClimaParams,2025-Q4,0,0,8
ClimaParams,2026-Q1,2,0,6
ClimaParams,2026-Q2,0,0,5
ClimaParams,2026-Q3,3,0,14
CloudMicrophysics,2021-Q3,7,4,13
CloudMicrophysics,2021-Q4,0,1,3
CloudMicrophysics,2022-Q1,0,1,2
CloudMicrophysics,2022-Q2,2,0,4
CloudMicrophysics,2022-Q3,5,1,7
CloudMicrophysics,2022-Q4,1,0,2
CloudMicrophysics,2023-Q1,0,0,1
CloudMicrophysics,2023-Q2,2,0,8
CloudMicrophysics,2023-Q3,3,3,17
CloudMicrophysics,2023-Q4,1,0,4
CloudMicrophysics,2024-Q1,1,4,11
CloudMicrophysics,2024-Q2,2,1,13
CloudMicrophysics,2024-Q3,3,0,6
CloudMicrophysics,2024-Q4,1,0,2
CloudMicrophysics,2025-Q1,0,0,7
CloudMicrophysics,2025-Q2,7,0,13
CloudMicrophysics,2025-Q3,7,2,16
CloudMicrophysics,2025-Q4,1,1,3
CloudMicrophysics,2026-Q1,7,1,19
CloudMicrophysics,2026-Q2,0,0,5
CloudMicrophysics,2026-Q3,6,2,14
Thermodynamics,2021-Q2,3,2,8
Thermodynamics,2021-Q3,4,1,8
Thermodynamics,2021-Q4,7,0,10
Thermodynamics,2022-Q1,1,2,4
Thermodynamics,2022-Q2,3,1,7
Thermodynamics,2022-Q3,6,1,7
Thermodynamics,2022-Q4,2,0,4
Thermodynamics,2023-Q1,0,1,1
Thermodynamics,2023-Q2,1,0,1
Thermodynamics,2023-Q3,1,0,3
Thermodynamics,2023-Q4,1,0,1
Thermodynamics,2024-Q1,8,1,16
Thermodynamics,2024-Q3,1,0,2
Thermodynamics,2024-Q4,1,0,1
Thermodynamics,2025-Q1,1,0,1
Thermodynamics,2025-Q2,1,0,3
Thermodynamics,2025-Q3,3,0,9
Thermodynamics,2025-Q4,1,0,4
Thermodynamics,2026-Q1,5,0,12
Thermodynamics,2026-Q2,1,1,3
Thermodynamics,2026-Q3,2,0,2
